<?xml version="1.0" encoding="UTF-8"?>
<metadata xml:lang="en"><Esri><CreaDate>20221022</CreaDate><CreaTime>21555100</CreaTime><ArcGISFormat>1.0</ArcGISFormat><SyncOnce>TRUE</SyncOnce><DataProperties><itemProps><itemLocation><linkage Sync="TRUE">file://\\DESKTOP-V3NTKVF\D$\PFG\Lab-7\Data\DEM.img</linkage><protocol Sync="TRUE">Local Area Network</protocol></itemLocation></itemProps><copyHistory><copy source="D:\PFG\Lab-4\Data\DEM.img" dest="\\DESKTOP-V3NTKVF\D$\PFG\Lab-7\Data\DEM.img" date="20221022" time="21555100"></copy></copyHistory></DataProperties></Esri></metadata>
